name,source,gender,wikidata,type
Hahn-Meitner-Weg,wikidata,+,Q57065;Q56189,way
Akademieweg,wikidata,-,Q414163,way
"Alte Ziegelei",wikidata,-,Q15782755,way
Altkönigstraße,wikidata,-,Q442204,way
"Am Klostergarten",wikidata,-,Q320189,way
"An den Römersteinen",wikidata,-,Q896423,way
"An der Schanze",wikidata,-,Q91203,way
Aspeltstraße,wikidata,-,Q27585987,way
"Athener Allee",wikidata,-,Q1524,way
Augustinerstraße,wikidata,-,Q29075,way
Bacchusstraße,wikidata,-,Q645312,way
Backhaushohl,wikidata,-,Q798436,way
Bahnstraße,wikidata,-,Q3565868,way
Barcelona-Allee,wikidata,-,Q1492,way
"Berliner Straße",wikidata,-,Q64,way
"Beuthener Straße",wikidata,-,Q102350,way
"Bretzenheimer Straße",wikidata,-,Q1885689,way
Brezelweg,wikidata,-,Q160525,way
Buchenweg,wikidata,-,Q25403,way
Colmarstraße,wikidata,-,Q27604665,way
Cranachweg,wikidata,-,Q56538064,way
Curiestraße,wikidata,-,Q11297474,way
Deutschhausplatz,wikidata,-,Q530788,way
"Draiser Straße",wikidata,-,Q883326,way
Drechslerweg,wikidata,-,Q1716419,way
Eindhoven-Allee,wikidata,-,Q1492;Q9832,way
Elsterweg,wikidata,-,Q25307,way
Emausweg,wikidata,-,Q165887,way
"Essenheimer Straße",wikidata,-,Q572400,way
Färberweg,wikidata,-,Q6147194,way
Feldbergplatz,wikidata,-,Q677873,way
Feldbergstraße,wikidata,-,Q677873,way
Fischtorplatz,wikidata,-,Q1420456,way
Florenz-Allee,wikidata,-,Q2044,way
"Genfer Allee",wikidata,-,Q71,way
Geschwister-Heinefetter-Platz,wikidata,-,Q56827157,way
Geschwister-Scholl-Straße,wikidata,-,Q566212;Q76972;Q57820,way
"Gleiwitzer Straße",wikidata,-,Q105084,way
"Große Bleiche",wikidata,-,Q98525431,way
Gürtlerstraße,wikidata,-,Q17305604,way
Haifa-Allee,wikidata,-,Q41621,way
Haydnstraße,wikidata,-,Q16211552,way
"Hechtsheimer Straße",wikidata,-,Q1560735,relation+way
"Hintere Bleiche",wikidata,-,Q98525431,way
Ignazgäßchen,wikidata,-,Q879179,way
Jupiterweg,wikidata,-,Q4649,way
Kapuzinerstraße,wikidata,-,Q107762174,way
Karmeliterplatz,wikidata,-,Q3585896,way
Karmeliterstraße,wikidata,-,Q3585896,way
Kartäuserstraße,wikidata,-,Q2961255,way
"Klein-Winternheimer Straße",wikidata,-,Q630978,way
"Königshütter Straße",wikidata,-,Q104302,way
Küferweg,wikidata,-,Q38883,way
Lahnstraße,wikidata,-,Q103148,way
Landwehrweg,wikidata,-,Q749151,way
"Liegnitzer Straße",wikidata,-,Q106274,way
Mainstraße,wikidata,-,Q1670,way
"Marienborner Straße",wikidata,-,Q1682363,way
Merkurweg,wikidata,-,Q308,way
"Mittlere Bleiche",wikidata,-,Q98525431,way
Nahestraße,wikidata,-,Q168696,way
Neckarstraße,wikidata,-,Q1673,way
Neubrunnenstraße,wikidata,-,Q1662651,way
"Obere Zahlbacher Straße",wikidata,-,Q140605,way
Oderstraße,wikidata,-,Q552,way
"Oppelner Straße",wikidata,-,Q92212,way
"Oppenheimer Straße",wikidata,-,Q518690,way
"Pariser Straße",wikidata,-,Q90,way
"Platz der Mainzer Republik",wikidata,-,Q706691,way
Plesserstraße,wikidata,-,Q948304,way
Rathausstraße,wikidata,-,Q543654,way
Rheinallee,wikidata,-,Q584,way
Rheinhessenstraße,wikidata,-,Q707297,relation+way
Rheinstraße,wikidata,-,Q584,way
Rosmerthastraße,wikidata,-,Q1118976,way
Saarstraße,wikidata,-,Q153972,relation+way
Sattlerweg,wikidata,-,Q1760988,way
"Schlesische Straße",wikidata,-,Q81720,way
Schülerpfad,wikidata,-,Q48942,way
"Schweidnitzer Straße",wikidata,-,Q387396,way
Taunusstraße,wikidata,-,Q158884,way
Templergasse,wikidata,-,Q41300,way
Templerstraße,wikidata,-,Q41300,way
Tritonplatz,wikidata,-,Q148030,way
Uferstraße,wikidata,-,Q468756,way
Vierzehn-Nothelfer-Straße,wikidata,-,Q219014,way
Weichselstraße,wikidata,-,Q548,way
"Wormser Straße",wikidata,-,Q3852,way
"Zahlbacher Steig",wikidata,-,Q140605,way
Zedernweg,wikidata,-,Q128550,way
Ziegeleipfad,wikidata,-,Q15782755,way
Anselm-Franz-von-Bentzel-Weg,wikidata,?,Q19501968;Q27562805,way
Agnes-Karll-Straße,wikidata,F,Q394562,way
Alicenplatz,wikidata,F,Q155566,way
Alicenstraße,wikidata,F,Q155566,way
Anna-Luise-Heygster-Straße,wikidata,F,Q113789603,way
Anna-Seghers-Platz,wikidata,F,Q57393,way
Annemarie-Renger-Straße,wikidata,F,Q66138,way
Anni-Eisler-Lehmann-Straße,wikidata,F,Q60841306,way
Bilhildisstraße,wikidata,F,Q477895,way
Catharina-Lothary-Straße,wikidata,F,Q107557482,way
Chana-Kahn-Straße,wikidata,F,Q104807517,way
Dr.-Maria-Hopf-Straße,wikidata,F,Q56868059,way
Eleonorenstraße,wikidata,F,Q62549,way
Elisabeth-Langgässer-Straße,wikidata,F,Q68501,way
Elisabeth-Schwarzhaupt-Straße,wikidata,F,Q65397,way
Elisabeth-Selbert-Straße,wikidata,F,Q75976,way
Elise-Haas-Weg,wikidata,F,Q1330628,way
Elly-Beinhorn-Straße,wikidata,F,Q63643,way
Elsa-Brändström-Straße,wikidata,F,Q469673,way
Emy-Roeder-Straße,wikidata,F,Q462615,way
Fastradaweg,wikidata,F,Q241165,way
Franziska-Kessel-Straße,wikidata,F,Q1389045,way
Henriette-Arendt-Weg,wikidata,F,Q1606143,way
Hildegard-von-Bingen-Straße,wikidata,F,Q70991,way
Hildegardstraße,wikidata,F,Q70991,way
Ida-von-Hahn-Straße,wikidata,F,Q92101,way
Ina-Seidel-Straße,wikidata,F,Q88296,way
Inge-Reitz-Straße,wikidata,F,Q24175010,way
Irène-Giron-Platz,wikidata,F,Q94761431,relation
Käthe-Kollwitz-Straße,wikidata,F,Q142472,way
Kathinka-Zitz-Weg,wikidata,F,Q110567,way
Klarastraße,wikidata,F,Q191107,way
Lise-Meitner-Straße,wikidata,F,Q56189,way
"Lucy-Hillebrand Straße",wikidata,F,Q112007,way
Lucy-Hillebrand-Straße,wikidata,F,Q112007,way
Luisenstraße,wikidata,F,Q156723,way
Margaretengasse,wikidata,F,Q297742,way
Maria-Einsmann-Platz,wikidata,F,Q125150690,relation
Maria-Sibylla-Merian-Straße,wikidata,F,Q62530,way
Maria-Ward-Straße,wikidata,F,Q291061,way
Marie-Juchacz-Straße,wikidata,F,Q85820,way
Marienstraße,wikidata,F,Q345,way
Mathildenstraße,wikidata,F,Q60796,way
Münsterplatz,wikidata,F,Q477895,relation+way
Nelly-Sachs-Straße,wikidata,F,Q57074,way
Ottiliengasse,wikidata,F,Q269867,way
Ricarda-Huch-Straße,wikidata,F,Q60785,way
Sophie-Cahn-Straße,wikidata,F,Q60841283,way
Sophie-Christ-Straße,wikidata,F,Q55911924,way
Sophie-Grosch-Straße,wikidata,F,Q1095183,way
Abraham-Lincoln-Straße,wikidata,M,Q91,way
Achardstraße,wikidata,M,Q60193,way
Achatiusweg,wikidata,M,Q186085,way
Ackermannweg,wikidata,M,Q98053,way
Adam-Karrillon-Straße,wikidata,M,Q104186,way
Adam-Opel-Straße,wikidata,M,Q57479,way
Adam-Riese-Straße,wikidata,M,Q61740,way
Adam-Stegerwald-Straße,wikidata,M,Q63434,way
Adelungstraße,wikidata,M,Q110917,way
Adenauer-Ufer,wikidata,M,Q2492,relation+way
Adolf-Gerhard-Straße,wikidata,M,Q56062028,way
Adolf-Kolping-Straße,wikidata,M,Q15448837,way
Agrippastraße,wikidata,M,Q48174,way
Albanstraße,wikidata,M,Q686948,way
Albanusstraße,wikidata,M,Q686948,way
Albert-Einstein-Straße,wikidata,M,Q937,way
Albert-Schweitzer-Straße,wikidata,M,Q49325,way
Albert-Stohr-Straße,wikidata,M,Q69039,way
Albinistraße,wikidata,M,Q4063392,way
Albrecht-Dürer-Straße,wikidata,M,Q5580,way
Alexander-Fleming-Straße,wikidata,M,Q37064,way
Alfred-Delp-Straße,wikidata,M,Q61305,way
Alfred-Döblin-Straße,wikidata,M,Q57389,way
Alfred-Mumbächer-Straße,wikidata,M,Q1382401,way
Alfred-Nobel-Straße,wikidata,M,Q23810,way
Alfred-Rehder-Weg,wikidata,M,Q68949,way
Altenauergasse,wikidata,M,Q1692844,way
"Am Fort Josef",wikidata,M,Q152480,way
"Am Kronberger Hof",wikidata,M,Q95563,way
"An der Achatiuskirche",wikidata,M,Q186085,way
"An der Bastion Johannes",wikidata,M,Q65766,way
"An der Karlsschanze",wikidata,M,Q150665,way
"An der Nikolausschanze",wikidata,M,Q44269,way
"An der Philippsschanze",wikidata,M,Q65766,way
Arndtstraße,wikidata,M,Q57351,way
"Auf dem Albansberg",wikidata,M,Q312982,way
August-Horch-Straße,wikidata,M,Q58035,way
Augustusplatz,wikidata,M,Q1405,way
Augustusstraße,wikidata,M,Q1405,way
Baentschstraße,wikidata,M,Q2417839,way
Barbarossaring,wikidata,M,Q79789,way
Barbarossastraße,wikidata,M,Q79789,way
"Bastion Martin",wikidata,M,Q133704,way
"Bastion Philipp",wikidata,M,Q65766,way
Bebelstraße,wikidata,M,Q76520,way
Beethovenstraße,wikidata,M,Q255,way
Benjamin-Franklin-Straße,wikidata,M,Q34969,way
Bert-Brecht-Straße,wikidata,M,Q38757,way
Bismarckplatz,wikidata,M,Q8442,relation+way
Bodelschwinghstraße,wikidata,M,Q87306,way
Bonifaziusplatz,wikidata,M,Q160445,way
Bonifaziusstraße,wikidata,M,Q160445,way
Boppstraße,wikidata,M,Q76934,way
Brahmsweg,wikidata,M,Q7294,way
Breidenbacherstraße,wikidata,M,Q328688,way
Brucknerstraße,wikidata,M,Q81752,way
Büchnerallee,wikidata,M,Q154014,way
Canisiusstraße,wikidata,M,Q44624,way
Carl-Benz-Straße,wikidata,M,Q40224,way
Carl-Diem-Straße,wikidata,M,Q71850,way
Carl-Goerdeler-Straße,wikidata,M,Q57430,way
Carl-Orff-Straße,wikidata,M,Q44086,way
Carl-Zeiss-Straße,wikidata,M,Q76833,relation+way
Carl-Zuckmayer-Straße,wikidata,M,Q76820,way
Carl-von-Linde-Straße,wikidata,M,Q61864,way
Carl-von-Linné-Weg,wikidata,M,Q1043,way
Carlo-Mierendorff-Straße,wikidata,M,Q1042305,way
Christianstraße,wikidata,M,Q1080417,way
Christofsgäßchen,wikidata,M,Q193507,way
Christofsstraße,wikidata,M,Q193507,way
Clemens-Brentano-Straße,wikidata,M,Q57235,way
Colonel-Kleinmann-Weg,wikidata,M,Q1642466,way
Corneliusstraße,wikidata,M,Q57257,way
Curt-Goetz-Straße,wikidata,M,Q69320,way
Czernyweg,wikidata,M,Q347292,way
Dagobertstraße,wikidata,M,Q109860,way
Dalbergstraße,wikidata,M,Q61353,way
Daniel-Brendel-Straße,wikidata,M,Q95320,way
Dantestraße,wikidata,M,Q1067,way
Dieter-Schro-Weg,wikidata,M,Q60841500,way
Diether-von-Isenburg-Straße,wikidata,M,Q76264,way
Dietrich-Bonhoeffer-Straße,wikidata,M,Q76326,way
Dietrich-Gresemund-Weg,wikidata,M,Q102525,way
Dietzestraße,wikidata,M,Q94814800,way
Dionysiusstraße,wikidata,M,Q244380,way
Domitianstraße,wikidata,M,Q1423,way
Dr.-Falk-Weg,wikidata,M,Q1446714,way
Dr.-Karl-Schramm-Straße,wikidata,M,Q1732917,way
Dr.-Martin-Luther-King-Weg,wikidata,M,Q8027,way
Dr.Günter-Storch-Platz,wikidata,M,Q1561111,way
Drususstraße,wikidata,M,Q156778,way
Drususwall,wikidata,M,Q156778,way
Duesbergweg,wikidata,M,Q1449889,way
Dumontstraße,wikidata,M,Q2644117,way
Eduard-David-Straße,wikidata,M,Q70579,way
Eduard-Kreyßig-Ufer,wikidata,M,Q1113424,way
Ehrhardstraße,wikidata,M,Q2572485,way
Eichendorffstraße,wikidata,M,Q77204,way
Emmeransstraße,wikidata,M,Q277600,way
Emmerich-Josef-Straße,wikidata,M,Q85483,way
Emrichruhstraße,wikidata,M,Q85483,way
Erich-Dombrowski-Straße,wikidata,M,Q1352088,way
Erich-Ollenhauer-Straße,wikidata,M,Q62185,way
Ernst-Abbe-Straße,wikidata,M,Q76359,way
Ernst-Ludwig-Platz,wikidata,M,Q57507,way
Ernst-Ludwig-Straße,wikidata,M,Q57507,way
Ernst-Neeb-Straße,wikidata,M,Q100574,way
Ernst-Reuter-Straße,wikidata,M,Q213561,way
Erthalstraße,wikidata,M,Q87611,way
Erzbergerstraße,wikidata,M,Q57755,way
Eugen-Salomon-Straße,wikidata,M,Q1372858,way
Fichteplatz,wikidata,M,Q102585,way
Fliednerstraße,wikidata,M,Q77814,way
Florian-Geyer-Straße,wikidata,M,Q77407,way
Fontanestraße,wikidata,M,Q76632,way
Forsterstraße,wikidata,M,Q58062,way
Franz-Anton-Hermann-Straße,wikidata,M,Q55875745;Q76439,way
Franz-Liszt-Straße,wikidata,M,Q41309,way
Franz-Werfel-Straße,wikidata,M,Q78514,way
Frauenlobplatz,wikidata,M,Q62702,way
Frauenlobstraße,wikidata,M,Q62702,way
Freiherr-vom-Stein-Straße,wikidata,M,Q213542,way
Freiligrathstraße,wikidata,M,Q213719,way
Friedrich-Ebert-Platz,wikidata,M,Q2646,way
Friedrich-Ebert-Straße,wikidata,M,Q2646,way
Friedrich-Naumann-Straße,wikidata,M,Q76811,way
Friedrich-Schneider-Straße,wikidata,M,Q1269391,way
Friedrichsstraße,wikidata,M,Q58600,way
Fritz-Arens-Platz,wikidata,M,Q1465517,way
Fritz-Bockius-Straße,wikidata,M,Q1465759,way
Fritz-Erler-Straße,wikidata,M,Q71365,way
Fritz-Ohlhof-Straße,wikidata,M,Q1467704,way
Fritz-Straßmann-Weg,wikidata,M,Q60859,way
Fuststraße,wikidata,M,Q64390,way
Gabelsbergerstraße,wikidata,M,Q62137,way
Galileo-Galilei-Straße,wikidata,M,Q307,way
Gallusgasse,wikidata,M,Q180936,way
Gastellstraße,wikidata,M,Q94851008,way
Gaßnerallee,wikidata,M,Q1312496,way
Generaloberst-Beck-Straße,wikidata,M,Q57170,way
Gensfleischstraße,wikidata,M,Q8958,way
Georg-Büchner-Straße,wikidata,M,Q154014,way
Georg-Fahrbach-Straße,wikidata,M,Q1485454,way
Georg-Moller-Passage,wikidata,M,Q106276,way
George-Washington-Straße,wikidata,M,Q23,way
Gerhard-Walter-Bornmann-Brücke,wikidata,M,Q94807642,way
Gerhart-Hauptmann-Straße,wikidata,M,Q43523,way
Germanikusstraße,wikidata,M,Q191039,way
Goethestraße,wikidata,M,Q5879,way
Goetzstraße,wikidata,M,Q1405324,way
Görresstraße,wikidata,M,Q215730,way
Görzstraße,wikidata,M,Q110730,way
Goßlerweg,wikidata,M,Q106847,way
Göttelmannstraße,wikidata,M,Q1437467,way
Gottlieb-Daimler-Straße,wikidata,M,Q57098,way
Graf-Stauffenberg-Straße,wikidata,M,Q21209,way
Greiffenklaustraße,wikidata,M,Q86787,way
Grünewaldstraße,wikidata,M,Q154338,way
Gustav-Mahler-Straße,wikidata,M,Q7304,way
Gutenbergplatz,wikidata,M,Q8958,way
Gutenbergstraße,wikidata,M,Q8958,way
Händelstraße,wikidata,M,Q7302,way
Hanns-Dieter-Hüsch-Weg,wikidata,M,Q92025,way
Hans-Böckler-Straße,wikidata,M,Q105130,way
Hans-Klenk-Straße,wikidata,M,Q18020684,way
Hans-Zöller-Straße,wikidata,M,Q136757991,way
Hebbelstraße,wikidata,M,Q57182,way
Heckerstraße,wikidata,M,Q216025,way
Hegelstraße,wikidata,M,Q9235,way
Heinrich-Heine-Straße,wikidata,M,Q44403,way
Heinrich-Schrohe-Straße,wikidata,M,Q1462617,way
Heinrich-Walter-Weg,wikidata,M,Q877690,way
Heinrich-Wothe-Straße,wikidata,M,Q60841520,way
Heinrich-von-Brentano-Straße,wikidata,M,Q60954,way
Heinrich-von-Gagern-Straße,wikidata,M,Q65230,way
Heinrich-von-Meißen-Straße,wikidata,M,Q62702,way
Heinrich-von-Stephan-Straße,wikidata,M,Q215482,way
Heinz-Schier-Platz,wikidata,M,Q133062066,way
Helmholtzweg,wikidata,M,Q60024,way
Helmut-Kohl-Platz,wikidata,M,Q2518,way
Henri-Dunant-Straße,wikidata,M,Q12091,way
Herderplatz,wikidata,M,Q155547,way
Hermann-Dexheimer-Weg,wikidata,M,Q94909115,way
Hermann-Ehlers-Straße,wikidata,M,Q78425,way
Hermann-Hesse-Straße,wikidata,M,Q25973,way
Hermann-Löns-Straße,wikidata,M,Q77486,way
Hindemithstraße,wikidata,M,Q57244,way
Hindenburgplatz,wikidata,M,Q2667,way
Hindenburgstraße,wikidata,M,Q2667,way
"Hinter der Töngeshalle",wikidata,M,Q170547,way
"Hintere Christofsgasse",wikidata,M,Q193507,way
Hochgesandstraße,wikidata,M,Q60841355,way
Hölderlinstraße,wikidata,M,Q75889,way
Holsteinstraße,wikidata,M,Q1597956,way
Huttenstraße,wikidata,M,Q77107,way
"Im Töngeshof",wikidata,M,Q170547,way
Immelmannstraße,wikidata,M,Q57937,way
"In der Töngeswiese",wikidata,M,Q170547,way
Ingelheimstraße,wikidata,M,Q316725,way
Isaac-Fulda-Allee,wikidata,M,Q22915308,way
Jacob-Goedecker-Straße,wikidata,M,Q1390536,way
Jahnstraße,wikidata,M,Q77098,way
Jakob-Dieterich-Straße,wikidata,M,Q94850985,way
Jakob-Steffan-Straße,wikidata,M,Q278517,way
Jakob-Welder-Weg,wikidata,M,Q107190628,way
Joachim-Jungius-Weg,wikidata,M,Q71026,way
Jochen-Klepper-Weg,wikidata,M,Q76329,way
Jockel-Fuchs-Platz,wikidata,M,Q1691256,way
Johann-Friedrich-von-Pfeiffer-Weg,wikidata,M,Q108704,way
Johann-Joachim-Becher-Weg,wikidata,M,Q60808,way
Johann-Maria-Kertell-Platz,wikidata,M,Q1695429,way
Johannes-Kepler-Straße,wikidata,M,Q8963,way
Johannes-von-Müller-Weg,wikidata,M,Q116032,way
Johannisstraße,wikidata,M,Q40662,way
John-F.-Kennedy-Straße,wikidata,M,Q9696,way
Jungenfeldstraße,wikidata,M,Q23062466,way
Justus-Liebig-Straße,wikidata,M,Q16571,way
Kafkaweg,wikidata,M,Q905,way
Kaiser-Friedrich-Straße,wikidata,M,Q58600,way
Kaiser-Karl-Ring,wikidata,M,Q3044,way
Kaiser-Wilhelm-Ring,wikidata,M,Q2677,way
Kaiserstraße,wikidata,M,Q150652,relation+way
Kantstraße,wikidata,M,Q9312,way
Kardinal-von-Galen-Straße,wikidata,M,Q76439,way
Karl-Zörgiebel-Straße,wikidata,M,Q98104,way
Karl-von-Goebel-Weg,wikidata,M,Q62756,way
Karlsstraße,wikidata,M,Q84201,way
Kerschensteinerstraße,wikidata,M,Q61195,way
Kettelerstraße,wikidata,M,Q626805,way
Killianweg,wikidata,M,Q40513,way
Kirsteinstraße,wikidata,M,Q897295,way
Kleiststraße,wikidata,M,Q28494,way
König-Konrad-Straße,wikidata,M,Q157133,way
Konrad-Adenauer-Straße,wikidata,M,Q2492,way
Konrad-Kraus-Straße,wikidata,M,Q18022404,way
Konstantinweg,wikidata,M,Q8413,way
Körnerstraße,wikidata,M,Q62344,way
Kraeplinweg,wikidata,M,Q76828,way
Kreyßigstraße,wikidata,M,Q1113424,way
Külbstraße,wikidata,M,Q1732091,way
Kurt-Schumacher-Straße,wikidata,M,Q57465,way
Langenbeckstraße,wikidata,M,Q66339,way
Lassallestraße,wikidata,M,Q75784,way
Lauterenstraße,wikidata,M,Q1100017,way
Leibnizstraße,wikidata,M,Q9047,way
Lenauweg,wikidata,M,Q84280,way
Lennigstraße,wikidata,M,Q1460722,way
Lessingplatz,wikidata,M,Q34628,way
Lessingstraße,wikidata,M,Q34628,way
Liebermannstraße,wikidata,M,Q158062,way
Liebigstraße,wikidata,M,Q16571,way
Lilienthalstraße,wikidata,M,Q57162,way
Lindenschmitstraße,wikidata,M,Q544470,way
Lion-Feuchtwanger-Straße,wikidata,M,Q77024,way
Lönsstraße,wikidata,M,Q77486,way
Lorenz-Diehl-Straße,wikidata,M,Q1584800,way
Lortzingstraße,wikidata,M,Q154203,way
Lotharstraße,wikidata,M,Q71715,way
Ludwig-Bamberger-Straße,wikidata,M,Q72400,way
Ludwig-Diels-Weg,wikidata,M,Q77123,way
Ludwig-Erhard-Straße,wikidata,M,Q2496,way
Ludwig-Richter-Straße,wikidata,M,Q551896,way
Ludwig-Schwamb-Straße,wikidata,M,Q104979,way
Ludwig-Strecker-Straße,wikidata,M,Q1875078,way
Ludwigsstraße,wikidata,M,Q213527,relation+way
Maler-Becker-Straße,wikidata,M,Q111052,way
Manfred-von-Richthofen-Straße,wikidata,M,Q4701,way
Marc-Chagall-Straße,wikidata,M,Q93284,way
Marseillestraße,wikidata,M,Q57259,way
Martin-Büsser-Straße,wikidata,M,Q1903541,way
Martin-Luther-Straße,wikidata,M,Q9554,way
Martinsstraße,wikidata,M,Q133704,way
Mauritzenplatz,wikidata,M,Q316599,way
Max-Born-Straße,wikidata,M,Q58978,way
Max-Planck-Straße,wikidata,M,Q9021,way
Menzelstraße,wikidata,M,Q164961,way
Möldersstraße,wikidata,M,Q58641,way
Moltkestraße,wikidata,M,Q44205,way
Mörikestraße,wikidata,M,Q63699,way
Mozartstraße,wikidata,M,Q254,way
Müller-Thurgau-Straße,wikidata,M,Q120437,way
Nackstraße,wikidata,M,Q1506012,way
Naunynweg,wikidata,M,Q71858,way
Nestlestraße,wikidata,M,Q57290,way
Neumannstraße,wikidata,M,Q108411,way
Niklas-Vogt-Straße,wikidata,M,Q103942,way
Nikolaus-Becker-Straße,wikidata,M,Q69698,way
Nikolaus-Kopernikus-Straße,wikidata,M,Q619,way
Nikolaus-Otto-Straße,wikidata,M,Q75782,way
Nikolausstraße,wikidata,M,Q44269,way
Nino-Erné-Straße,wikidata,M,Q111000,way
Oechsnerstraße,wikidata,M,Q1270967,way
Osteinstraße,wikidata,M,Q75175,way
Osteinunterführung,wikidata,M,Q75175,way
Otto-Brunfels-Schneise,wikidata,M,Q63206,way
Otto-Hahn-Straße,wikidata,M,Q57065,way
Otto-Schott-Straße,wikidata,M,Q72357,way
Otto-Wels-Straße,wikidata,M,Q61719,way
Palestrinaweg,wikidata,M,Q179277,way
Pankratiusstraße,wikidata,M,Q336731,way
Parcusstraße,wikidata,M,Q30169218,way
Parsevalstraße,wikidata,M,Q86573,way
Paul-Denis-Straße,wikidata,M,Q2059114,way
Paul-Ehrlich-Weg,wikidata,M,Q57089,way
Paul-Gerhardt-Weg,wikidata,M,Q76331,way
Pestalozziplatz,wikidata,M,Q105428,way
Pestalozzistraße,wikidata,M,Q105428,way
Peter-Altmeier-Allee,wikidata,M,Q518750,way
Peter-Cornelius-Platz,wikidata,M,Q57257,way
Petersplatz,wikidata,M,Q33923,way
Petersstraße,wikidata,M,Q33923,way
Pettenkoferweg,wikidata,M,Q44993,way
Pfarrer-Bechtolsheimer-Weg,wikidata,M,Q1596680,way
Pfarrer-Bensheimer-Straße,wikidata,M,Q55684755,way
Pfarrer-Bergmann-Straße,wikidata,M,Q94876598,way
Pfarrer-Brantzen-Straße,wikidata,M,Q52063284,way
Philipp-Franz-von-Siebold-Weg,wikidata,M,Q77140,way
Philipp-Reis-Straße,wikidata,M,Q77124,way
Philipp-Wasserburg-Straße,wikidata,M,Q1777180,way
Philipp-von-Zabern-Platz,wikidata,M,Q55682281,way
Pliniusweg,wikidata,M,Q82778,way
Quintinsstraße,wikidata,M,Q1293541,relation+way
Raiffeisenstraße,wikidata,M,Q45141,way
Raimundistraße,wikidata,M,Q454789,way
Rathenaustraße,wikidata,M,Q135645,way
Regerstraße,wikidata,M,Q57139,way
Reisingerweg,wikidata,M,Q60841457,way
Rembrandtstraße,wikidata,M,Q5598,way
Rhabanusstraße,wikidata,M,Q160441,way
Richard-Schirrmann-Straße,wikidata,M,Q63862,way
Richard-Wagner-Straße,wikidata,M,Q1511,way
Rilkeallee,wikidata,M,Q76483,way
Ritterstraße,wikidata,M,Q86917,way
Robert-Bosch-Straße,wikidata,M,Q71032,way
Robert-Koch-Straße,wikidata,M,Q37193,way
Robert-Schumann-Straße,wikidata,M,Q7351,way
Rochusstraße,wikidata,M,Q152457,way
Rolf-Balsam-Straße,wikidata,M,Q60831992,way
Röntgenstraße,wikidata,M,Q35149,way
Rubensallee,wikidata,M,Q5599,way
Rudolf-Crisolli-Straße,wikidata,M,Q1805818,way
Rudolf-Diesel-Straße,wikidata,M,Q12674,way
Salvatorstraße,wikidata,M,Q302,way
Sauerbruchstraße,wikidata,M,Q62330,way
Scharnhorststraße,wikidata,M,Q170340,way
Scheffelstraße,wikidata,M,Q9082,way
Schillerplatz,wikidata,M,Q22670,way
Schillerstraße,wikidata,M,Q22670,way
Schillstraße,wikidata,M,Q72343,way
Schneckenburgerstraße,wikidata,M,Q71399,way
Schöfferstraße,wikidata,M,Q62560,way
Schönbornstraße,wikidata,M,Q71715,way
Schopenhauerweg,wikidata,M,Q38193,way
Schottstraße,wikidata,M,Q103925,way
Schubertstraße,wikidata,M,Q7312,way
Schulrat-Spang-Straße,wikidata,M,Q60831386,way
Schulze-Delitzsch-Straße,wikidata,M,Q215961,way
Sebastian-Bach-Straße,wikidata,M,Q1339,way
Semmelweisweg,wikidata,M,Q59736,way
Senefelderstraße,wikidata,M,Q161048,way
Seppel-Glückert-Passage,wikidata,M,Q2271719,way
Siemensstraße,wikidata,M,Q58577,way
Silcherweg,wikidata,M,Q700090,way
Smetanaweg,wikidata,M,Q48173,way
Sömmerringplatz,wikidata,M,Q132197,way
Sömmerringstraße,wikidata,M,Q132197,way
Spitzwegstraße,wikidata,M,Q164979,way
St.-Georg-Straße,wikidata,M,Q48438,way
St.-Sebastian-Straße,wikidata,M,Q183332,way
Staudingerweg,wikidata,M,Q48956,way
Stefan-Zweig-Straße,wikidata,M,Q78491,way
Stefansberg,wikidata,M,Q161775,way
Stefansplatz,wikidata,M,Q161775,way
Stefansstraße,wikidata,M,Q161775,way
Stephan-Karl-Michel-Straße,wikidata,M,Q15456369,way
Steubenstraße,wikidata,M,Q213525,way
Stolze-Schrey-Straße,wikidata,M,Q124806,way
Stresemann-Ufer,wikidata,M,Q103955,way
Theodor-Heuss-Straße,wikidata,M,Q2594,way
Theodor-Körner-Straße,wikidata,M,Q62344,way
Theodor-Storm-Weg,wikidata,M,Q26993,way
Thomas-Dehler-Straße,wikidata,M,Q215092,way
Thomas-Jefferson-Straße,wikidata,M,Q11812,way
Thomas-Mann-Straße,wikidata,M,Q37030,way
Tizianweg,wikidata,M,Q47551,way
Töngesstraße,wikidata,M,Q170547,way
Trajanstraße,wikidata,M,Q1425,way
Trommlerstraße,wikidata,M,Q23062914,way
Tucholskyweg,wikidata,M,Q57386,way
Turnvater-Jahn-Straße,wikidata,M,Q77098,way
Udetstraße,wikidata,M,Q57179,way
Uhlandstraße,wikidata,M,Q61058,way
Ulrichstraße,wikidata,M,Q99431,way
Uwe-Beyer-Straße,wikidata,M,Q70877,way
Van-Gogh-Straße,wikidata,M,Q5582,way
Veitstraße,wikidata,M,Q548914,way
Victor-Hugo-Ufer,wikidata,M,Q535,way
Wallaustraße,wikidata,M,Q110139,way
Walter-Hallstein-Straße,wikidata,M,Q159995,way
Wedekindstraße,wikidata,M,Q57619,way
Weidmannstraße,wikidata,M,Q3180622,way
Welschplatz,wikidata,M,Q88651,way
Welschstraße,wikidata,M,Q88651,way
Werderstraße,wikidata,M,Q64634,way
Wernher-von-Braun-Straße,wikidata,M,Q57384,way
Wichernstraße,wikidata,M,Q73048,way
Wilhelm-Busch-Straße,wikidata,M,Q109540,way
Wilhelm-Christ-Straße,wikidata,M,Q85398,way
Wilhelm-Holzamer-Straße,wikidata,M,Q104139,way
Wilhelm-Leuschner-Straße,wikidata,M,Q213868,way
Wilhelm-Maybach-Straße,wikidata,M,Q77125,way
Wilhelm-Raabe-Straße,wikidata,M,Q60647,way
Wilhelmiterstraße,wikidata,M,Q119512,way
Wilhelmsstraße,wikidata,M,Q150652,way
Willigisplatz,wikidata,M,Q77564,way
Willigisstraße,wikidata,M,Q77564,way
Willy-Brandt-Platz,wikidata,M,Q2514,way
Windthorststraße,wikidata,M,Q533645,way
Wittichweg,wikidata,M,Q56026824,way
Wöhlerstraße,wikidata,M,Q58575,way
Wolfgang-Brobeil-Straße,wikidata,M,Q24262993,way
Woynastraße,wikidata,M,Q16112805,way
Xaveriusweg,wikidata,M,Q163900,way
Yılmaz-Atalay-Ufer,wikidata,M,Q136615307,way
Zeppelinstraße,wikidata,M,Q75780,way
